model,feature_set,selection_rule,selected_threshold,precision_floor_target,precision_floor_used,precision_floor_fallback_used,validation_precision,validation_recall,validation_f1,validation_f2,validation_false_positives,validation_false_negatives,test_precision,test_recall,test_f1,test_f2,test_pr_auc,test_roc_auc,test_false_positives,test_false_negatives,test_true_positives,test_true_negatives,test_predicted_positive_rate
Logistic Regression,canopy_only,default_0.5,0.5,,,False,0.5955882352941176,0.7864077669902912,0.6778242677824268,0.7390510948905109,55,22,0.6993464052287581,0.7985074626865671,0.7456445993031359,0.7764876632801161,0.8134724490243929,0.6863410221619177,46,27,107,20,0.765
Logistic Regression,canopy_only,max_f1,0.4,,,False,0.5230769230769231,0.9902912621359223,0.6845637583892618,0.8401976935749588,93,1,0.67,1.0,0.8023952095808383,0.9103260869565217,0.8134724490243929,0.6863410221619177,66,0,134,0,1.0
Logistic Regression,canopy_only,max_f2,0.05,,,False,0.515,1.0,0.6798679867986799,0.8415032679738562,97,0,0.67,1.0,0.8023952095808383,0.9103260869565217,0.8134724490243929,0.6863410221619177,66,0,134,0,1.0
Logistic Regression,canopy_only,recall_ge_0.70_then_max_f1,0.4,,,False,0.5230769230769231,0.9902912621359223,0.6845637583892618,0.8401976935749588,93,1,0.67,1.0,0.8023952095808383,0.9103260869565217,0.8134724490243929,0.6863410221619177,66,0,134,0,1.0
Logistic Regression,canopy_only,max_recall_precision_ge_0.65,0.05,0.65,0.5,True,0.515,1.0,0.6798679867986799,0.8415032679738562,97,0,0.67,1.0,0.8023952095808383,0.9103260869565217,0.8134724490243929,0.6863410221619177,66,0,134,0,1.0
SVM,canopy_only,default_0.5,0.5,,,False,0.0,0.0,0.0,0.0,0,103,0.0,0.0,0.0,0.0,0.8866272808552881,0.7606286748077793,0,134,0,66,0.0
SVM,canopy_only,max_f1,0.3,,,False,0.7211538461538461,0.7281553398058253,0.7246376811594203,0.7267441860465116,29,28,0.7983193277310925,0.7089552238805971,0.7509881422924901,0.7251908396946565,0.8866272808552881,0.7606286748077793,24,39,95,42,0.595
SVM,canopy_only,max_f2,0.05,,,False,0.515,1.0,0.6798679867986799,0.8415032679738562,97,0,0.67,1.0,0.8023952095808383,0.9103260869565217,0.8866272808552881,0.7606286748077793,66,0,134,0,1.0
SVM,canopy_only,recall_ge_0.70_then_max_f1,0.3,,,False,0.7211538461538461,0.7281553398058253,0.7246376811594203,0.7267441860465116,29,28,0.7983193277310925,0.7089552238805971,0.7509881422924901,0.7251908396946565,0.8866272808552881,0.7606286748077793,24,39,95,42,0.595
SVM,canopy_only,max_recall_precision_ge_0.65,0.3,0.65,0.65,False,0.7211538461538461,0.7281553398058253,0.7246376811594203,0.7267441860465116,29,28,0.7983193277310925,0.7089552238805971,0.7509881422924901,0.7251908396946565,0.8866272808552881,0.7606286748077793,24,39,95,42,0.595
Random Forest,canopy_only,default_0.5,0.5,,,False,0.75,0.6116504854368932,0.6737967914438503,0.6350806451612904,21,40,0.9080459770114943,0.5895522388059702,0.7149321266968326,0.6340288924558587,0.8973625711126626,0.7907055630936227,8,55,79,58,0.435
Random Forest,canopy_only,max_f1,0.3,,,False,0.5875,0.912621359223301,0.714828897338403,0.8216783216783217,66,9,0.7530864197530864,0.9104477611940298,0.8243243243243243,0.8739255014326648,0.8973625711126626,0.7907055630936227,40,12,122,26,0.81
Random Forest,canopy_only,max_f2,0.05,,,False,0.515,1.0,0.6798679867986799,0.8415032679738562,97,0,0.67,1.0,0.8023952095808383,0.9103260869565217,0.8973625711126626,0.7907055630936227,66,0,134,0,1.0
Random Forest,canopy_only,recall_ge_0.70_then_max_f1,0.3,,,False,0.5875,0.912621359223301,0.714828897338403,0.8216783216783217,66,9,0.7530864197530864,0.9104477611940298,0.8243243243243243,0.8739255014326648,0.8973625711126626,0.7907055630936227,40,12,122,26,0.81
Random Forest,canopy_only,max_recall_precision_ge_0.65,0.45,0.65,0.65,False,0.6822429906542056,0.7087378640776699,0.6952380952380952,0.7032755298651252,34,30,0.8425925925925926,0.6791044776119403,0.7520661157024794,0.7065217391304348,0.8973625711126626,0.7907055630936227,17,43,91,49,0.54
XGBoost,canopy_only,default_0.5,0.5,,,False,0.696969696969697,0.6699029126213593,0.6831683168316832,0.675146771037182,30,34,0.8681318681318682,0.5895522388059702,0.7022222222222222,0.6299840510366826,0.8726195325249292,0.7420850293984622,12,55,79,54,0.455
XGBoost,canopy_only,max_f1,0.4,,,False,0.6164383561643836,0.8737864077669902,0.7228915662650602,0.8064516129032258,56,13,0.7482517482517482,0.7985074626865671,0.7725631768953068,0.7879234167893961,0.8726195325249292,0.7420850293984622,36,27,107,30,0.715
XGBoost,canopy_only,max_f2,0.05,,,False,0.515,1.0,0.6798679867986799,0.8415032679738562,97,0,0.67,1.0,0.8023952095808383,0.9103260869565217,0.8726195325249292,0.7420850293984622,66,0,134,0,1.0
XGBoost,canopy_only,recall_ge_0.70_then_max_f1,0.4,,,False,0.6164383561643836,0.8737864077669902,0.7228915662650602,0.8064516129032258,56,13,0.7482517482517482,0.7985074626865671,0.7725631768953068,0.7879234167893961,0.8726195325249292,0.7420850293984622,36,27,107,30,0.715
XGBoost,canopy_only,max_recall_precision_ge_0.65,0.45,0.65,0.65,False,0.6581196581196581,0.7475728155339806,0.7,0.7277882797731569,40,26,0.7964601769911505,0.6716417910447762,0.728744939271255,0.6933744221879815,0.8726195325249292,0.7420850293984622,23,44,90,43,0.565
LightGBM,canopy_only,default_0.5,0.5,,,False,0.6853932584269663,0.5922330097087378,0.6354166666666666,0.6087824351297405,28,42,0.8586956521739131,0.5895522388059702,0.6991150442477876,0.6289808917197452,0.8834960300128065,0.7721619176843059,13,55,79,53,0.46
LightGBM,canopy_only,max_f1,0.4,,,False,0.6504065040650406,0.7766990291262136,0.7079646017699115,0.7476635514018691,43,23,0.8333333333333334,0.6716417910447762,0.743801652892562,0.6987577639751553,0.8834960300128065,0.7721619176843059,18,44,90,48,0.54
LightGBM,canopy_only,max_f2,0.1,,,False,0.5228426395939086,1.0,0.6866666666666666,0.8456486042692939,94,0,0.6752577319587629,0.9776119402985075,0.7987804878048781,0.8972602739726028,0.8834960300128065,0.7721619176843059,63,3,131,3,0.97
LightGBM,canopy_only,recall_ge_0.70_then_max_f1,0.4,,,False,0.6504065040650406,0.7766990291262136,0.7079646017699115,0.7476635514018691,43,23,0.8333333333333334,0.6716417910447762,0.743801652892562,0.6987577639751553,0.8834960300128065,0.7721619176843059,18,44,90,48,0.54
LightGBM,canopy_only,max_recall_precision_ge_0.65,0.4,0.65,0.65,False,0.6504065040650406,0.7766990291262136,0.7079646017699115,0.7476635514018691,43,23,0.8333333333333334,0.6716417910447762,0.743801652892562,0.6987577639751553,0.8834960300128065,0.7721619176843059,18,44,90,48,0.54
Logistic Regression,oisst_only,default_0.5,0.5,,,False,0.6629213483146067,0.5728155339805825,0.6145833333333334,0.5888223552894212,30,44,0.7142857142857143,0.26119402985074625,0.3825136612021858,0.29914529914529914,0.7141019005558481,0.5197874265038445,14,99,35,52,0.245
Logistic Regression,oisst_only,max_f1,0.45,,,False,0.5902777777777778,0.8252427184466019,0.6882591093117408,0.7643884892086331,59,18,0.6805555555555556,0.3656716417910448,0.47572815533980584,0.4029605263157895,0.7141019005558481,0.5197874265038445,23,85,49,43,0.36
Logistic Regression,oisst_only,max_f2,0.05,,,False,0.515,1.0,0.6798679867986799,0.8415032679738562,97,0,0.67,1.0,0.8023952095808383,0.9103260869565217,0.7141019005558481,0.5197874265038445,66,0,134,0,1.0
Logistic Regression,oisst_only,recall_ge_0.70_then_max_f1,0.45,,,False,0.5902777777777778,0.8252427184466019,0.6882591093117408,0.7643884892086331,59,18,0.6805555555555556,0.3656716417910448,0.47572815533980584,0.4029605263157895,0.7141019005558481,0.5197874265038445,23,85,49,43,0.36
Logistic Regression,oisst_only,max_recall_precision_ge_0.65,0.5,0.65,0.65,False,0.6629213483146067,0.5728155339805825,0.6145833333333334,0.5888223552894212,30,44,0.7142857142857143,0.26119402985074625,0.3825136612021858,0.29914529914529914,0.7141019005558481,0.5197874265038445,14,99,35,52,0.245
SVM,oisst_only,default_0.5,0.5,,,False,0.7916666666666666,0.36893203883495146,0.5033112582781457,0.41304347826086957,10,65,0.9285714285714286,0.09701492537313433,0.17567567567567569,0.11818181818181818,0.7412263285153959,0.5102894617819991,1,121,13,65,0.07
SVM,oisst_only,max_f1,0.25,,,False,0.5439560439560439,0.9611650485436893,0.6947368421052632,0.8333333333333334,83,4,0.6486486486486487,0.5373134328358209,0.5877551020408164,0.5564142194744977,0.7412263285153959,0.5102894617819991,39,62,72,27,0.555
SVM,oisst_only,max_f2,0.15,,,False,0.5255102040816326,1.0,0.6889632107023411,0.8470394736842105,93,0,0.618421052631579,0.7014925373134329,0.6573426573426573,0.6831395348837209,0.7412263285153959,0.5102894617819991,58,40,94,8,0.76
SVM,oisst_only,recall_ge_0.70_then_max_f1,0.25,,,False,0.5439560439560439,0.9611650485436893,0.6947368421052632,0.8333333333333334,83,4,0.6486486486486487,0.5373134328358209,0.5877551020408164,0.5564142194744977,0.7412263285153959,0.5102894617819991,39,62,72,27,0.555
SVM,oisst_only,max_recall_precision_ge_0.65,0.4,0.65,0.65,False,0.7323943661971831,0.5048543689320388,0.5977011494252874,0.5383022774327122,19,51,0.8285714285714286,0.21641791044776118,0.3431952662721893,0.2539404553415061,0.7412263285153959,0.5102894617819991,6,105,29,60,0.175
Random Forest,oisst_only,default_0.5,0.5,,,False,0.6219512195121951,0.49514563106796117,0.5513513513513514,0.5161943319838057,31,52,0.7090909090909091,0.291044776119403,0.4126984126984127,0.3299492385786802,0.7043859037607086,0.5076888285843509,16,95,39,50,0.275
Random Forest,oisst_only,max_f1,0.3,,,False,0.5368421052631579,0.9902912621359223,0.6962457337883959,0.8471760797342193,88,1,0.6666666666666666,0.6417910447761194,0.6539923954372624,0.6466165413533834,0.7043859037607086,0.5076888285843509,43,48,86,23,0.645
Random Forest,oisst_only,max_f2,0.3,,,False,0.5368421052631579,0.9902912621359223,0.6962457337883959,0.8471760797342193,88,1,0.6666666666666666,0.6417910447761194,0.6539923954372624,0.6466165413533834,0.7043859037607086,0.5076888285843509,43,48,86,23,0.645
Random Forest,oisst_only,recall_ge_0.70_then_max_f1,0.3,,,False,0.5368421052631579,0.9902912621359223,0.6962457337883959,0.8471760797342193,88,1,0.6666666666666666,0.6417910447761194,0.6539923954372624,0.6466165413533834,0.7043859037607086,0.5076888285843509,43,48,86,23,0.645
Random Forest,oisst_only,max_recall_precision_ge_0.65,0.55,0.65,0.65,False,0.7121212121212122,0.4563106796116505,0.5562130177514792,0.4916317991631799,19,56,0.8048780487804879,0.2462686567164179,0.37714285714285717,0.28596187175043325,0.7043859037607086,0.5076888285843509,8,101,33,58,0.205
XGBoost,oisst_only,default_0.5,0.5,,,False,0.5769230769230769,0.7281553398058253,0.6437768240343348,0.6918819188191881,55,28,0.7228915662650602,0.44776119402985076,0.5529953917050692,0.48465266558966075,0.7182896444345532,0.5091587516960651,23,74,60,43,0.415
XGBoost,oisst_only,max_f1,0.4,,,False,0.5470588235294118,0.9029126213592233,0.6813186813186813,0.7989690721649485,77,10,0.6486486486486487,0.5373134328358209,0.5877551020408164,0.5564142194744977,0.7182896444345532,0.5091587516960651,39,62,72,27,0.555
XGBoost,oisst_only,max_f2,0.05,,,False,0.515,1.0,0.6798679867986799,0.8415032679738562,97,0,0.6632653061224489,0.9701492537313433,0.7878787878787878,0.8879781420765027,0.7182896444345532,0.5091587516960651,66,4,130,0,0.98
XGBoost,oisst_only,recall_ge_0.70_then_max_f1,0.4,,,False,0.5470588235294118,0.9029126213592233,0.6813186813186813,0.7989690721649485,77,10,0.6486486486486487,0.5373134328358209,0.5877551020408164,0.5564142194744977,0.7182896444345532,0.5091587516960651,39,62,72,27,0.555
XGBoost,oisst_only,max_recall_precision_ge_0.65,0.65,0.65,0.65,False,0.6621621621621622,0.47572815533980584,0.5536723163841808,0.5041152263374485,25,54,0.7058823529411765,0.26865671641791045,0.3891891891891892,0.30664395229982966,0.7182896444345532,0.5091587516960651,15,98,36,51,0.255
LightGBM,oisst_only,default_0.5,0.5,,,False,0.5047619047619047,0.5145631067961165,0.5096153846153846,0.5125725338491296,52,50,0.6825396825396826,0.3208955223880597,0.4365482233502538,0.3589315525876461,0.6735824616294275,0.4562415196743555,20,91,43,46,0.315
LightGBM,oisst_only,max_f1,0.2,,,False,0.5513513513513514,0.9902912621359223,0.7083333333333334,0.8542713567839196,83,1,0.6223776223776224,0.664179104477612,0.6425992779783394,0.6553755522827688,0.6735824616294275,0.4562415196743555,54,45,89,12,0.715
LightGBM,oisst_only,max_f2,0.2,,,False,0.5513513513513514,0.9902912621359223,0.7083333333333334,0.8542713567839196,83,1,0.6223776223776224,0.664179104477612,0.6425992779783394,0.6553755522827688,0.6735824616294275,0.4562415196743555,54,45,89,12,0.715
LightGBM,oisst_only,recall_ge_0.70_then_max_f1,0.2,,,False,0.5513513513513514,0.9902912621359223,0.7083333333333334,0.8542713567839196,83,1,0.6223776223776224,0.664179104477612,0.6425992779783394,0.6553755522827688,0.6735824616294275,0.4562415196743555,54,45,89,12,0.715
LightGBM,oisst_only,max_recall_precision_ge_0.65,0.85,0.65,0.65,False,0.8235294117647058,0.13592233009708737,0.23333333333333334,0.16317016317016317,3,89,1.0,0.022388059701492536,0.043795620437956206,0.027829313543599257,0.6735824616294275,0.4562415196743555,0,131,3,66,0.015
Logistic Regression,canopy_noaa,default_0.5,0.5,,,False,0.5580110497237569,0.9805825242718447,0.7112676056338029,0.851602023608769,80,2,0.7636363636363637,0.6268656716417911,0.6885245901639344,0.6501547987616099,0.7823845480849092,0.6296924468566261,26,50,84,40,0.55
Logistic Regression,canopy_noaa,max_f1,0.5,,,False,0.5580110497237569,0.9805825242718447,0.7112676056338029,0.851602023608769,80,2,0.7636363636363637,0.6268656716417911,0.6885245901639344,0.6501547987616099,0.7823845480849092,0.6296924468566261,26,50,84,40,0.55
Logistic Regression,canopy_noaa,max_f2,0.5,,,False,0.5580110497237569,0.9805825242718447,0.7112676056338029,0.851602023608769,80,2,0.7636363636363637,0.6268656716417911,0.6885245901639344,0.6501547987616099,0.7823845480849092,0.6296924468566261,26,50,84,40,0.55
Logistic Regression,canopy_noaa,recall_ge_0.70_then_max_f1,0.5,,,False,0.5580110497237569,0.9805825242718447,0.7112676056338029,0.851602023608769,80,2,0.7636363636363637,0.6268656716417911,0.6885245901639344,0.6501547987616099,0.7823845480849092,0.6296924468566261,26,50,84,40,0.55
Logistic Regression,canopy_noaa,max_recall_precision_ge_0.65,0.65,0.65,0.65,False,0.6829268292682927,0.5436893203883495,0.6054054054054054,0.5668016194331984,26,47,0.7384615384615385,0.3582089552238806,0.4824120603015075,0.39933444259567386,0.7823845480849092,0.6296924468566261,17,86,48,49,0.325
SVM,canopy_noaa,default_0.5,0.5,,,False,0.5697674418604651,0.47572815533980584,0.5185185185185185,0.4919678714859438,37,54,0.868421052631579,0.2462686567164179,0.38372093023255816,0.2874564459930314,0.8459373329066522,0.714947987336047,5,101,33,61,0.19
SVM,canopy_noaa,max_f1,0.05,,,False,0.515,1.0,0.6798679867986799,0.8415032679738562,97,0,0.67,1.0,0.8023952095808383,0.9103260869565217,0.8459373329066522,0.714947987336047,66,0,134,0,1.0
SVM,canopy_noaa,max_f2,0.05,,,False,0.515,1.0,0.6798679867986799,0.8415032679738562,97,0,0.67,1.0,0.8023952095808383,0.9103260869565217,0.8459373329066522,0.714947987336047,66,0,134,0,1.0
SVM,canopy_noaa,recall_ge_0.70_then_max_f1,0.05,,,False,0.515,1.0,0.6798679867986799,0.8415032679738562,97,0,0.67,1.0,0.8023952095808383,0.9103260869565217,0.8459373329066522,0.714947987336047,66,0,134,0,1.0
SVM,canopy_noaa,max_recall_precision_ge_0.65,0.05,0.65,0.5,True,0.515,1.0,0.6798679867986799,0.8415032679738562,97,0,0.67,1.0,0.8023952095808383,0.9103260869565217,0.8459373329066522,0.714947987336047,66,0,134,0,1.0
Random Forest,canopy_noaa,default_0.5,0.5,,,False,0.5344827586206896,0.30097087378640774,0.38509316770186336,0.32978723404255317,27,72,0.925,0.27611940298507465,0.42528735632183906,0.3211805555555556,0.8306530758016963,0.674468566259611,3,97,37,63,0.2
Random Forest,canopy_noaa,max_f1,0.05,,,False,0.515,1.0,0.6798679867986799,0.8415032679738562,97,0,0.67,1.0,0.8023952095808383,0.9103260869565217,0.8306530758016963,0.674468566259611,66,0,134,0,1.0
Random Forest,canopy_noaa,max_f2,0.05,,,False,0.515,1.0,0.6798679867986799,0.8415032679738562,97,0,0.67,1.0,0.8023952095808383,0.9103260869565217,0.8306530758016963,0.674468566259611,66,0,134,0,1.0
Random Forest,canopy_noaa,recall_ge_0.70_then_max_f1,0.05,,,False,0.515,1.0,0.6798679867986799,0.8415032679738562,97,0,0.67,1.0,0.8023952095808383,0.9103260869565217,0.8306530758016963,0.674468566259611,66,0,134,0,1.0
Random Forest,canopy_noaa,max_recall_precision_ge_0.65,0.6,0.65,0.65,False,0.8571428571428571,0.17475728155339806,0.2903225806451613,0.20785219399538107,3,85,1.0,0.05223880597014925,0.09929078014184398,0.06445672191528545,0.8306530758016963,0.674468566259611,0,127,7,66,0.035
XGBoost,canopy_noaa,default_0.5,0.5,,,False,0.5185185185185185,0.4077669902912621,0.45652173913043476,0.4259634888438134,39,61,0.875,0.5223880597014925,0.6542056074766355,0.5681818181818182,0.8218494005035681,0.6640660334690185,10,64,70,56,0.4
XGBoost,canopy_noaa,max_f1,0.25,,,False,0.5177664974619289,0.9902912621359223,0.68,0.8374384236453202,95,1,0.7112676056338029,0.753731343283582,0.7318840579710145,0.7448377581120944,0.8218494005035681,0.6640660334690185,41,33,101,25,0.71
XGBoost,canopy_noaa,max_f2,0.05,,,False,0.515,1.0,0.6798679867986799,0.8415032679738562,97,0,0.67,1.0,0.8023952095808383,0.9103260869565217,0.8218494005035681,0.6640660334690185,66,0,134,0,1.0
XGBoost,canopy_noaa,recall_ge_0.70_then_max_f1,0.25,,,False,0.5177664974619289,0.9902912621359223,0.68,0.8374384236453202,95,1,0.7112676056338029,0.753731343283582,0.7318840579710145,0.7448377581120944,0.8218494005035681,0.6640660334690185,41,33,101,25,0.71
XGBoost,canopy_noaa,max_recall_precision_ge_0.65,0.65,0.65,0.65,False,0.6511627906976745,0.27184466019417475,0.3835616438356164,0.3076923076923077,15,75,0.8113207547169812,0.3208955223880597,0.45989304812834225,0.36502546689303905,0.8218494005035681,0.6640660334690185,10,91,43,56,0.265
LightGBM,canopy_noaa,default_0.5,0.5,,,False,0.55,0.42718446601941745,0.4808743169398907,0.44715447154471544,36,59,0.8947368421052632,0.3805970149253731,0.5340314136125655,0.4300168634064081,0.8155294953487338,0.6534373586612392,6,83,51,60,0.285
LightGBM,canopy_noaa,max_f1,0.05,,,False,0.5153061224489796,0.9805825242718447,0.6755852842809364,0.8305921052631579,95,2,0.6649214659685864,0.9477611940298507,0.7815384615384615,0.8734525447042641,0.8155294953487338,0.6534373586612392,64,7,127,2,0.955
LightGBM,canopy_noaa,max_f2,0.05,,,False,0.5153061224489796,0.9805825242718447,0.6755852842809364,0.8305921052631579,95,2,0.6649214659685864,0.9477611940298507,0.7815384615384615,0.8734525447042641,0.8155294953487338,0.6534373586612392,64,7,127,2,0.955
LightGBM,canopy_noaa,recall_ge_0.70_then_max_f1,0.05,,,False,0.5153061224489796,0.9805825242718447,0.6755852842809364,0.8305921052631579,95,2,0.6649214659685864,0.9477611940298507,0.7815384615384615,0.8734525447042641,0.8155294953487338,0.6534373586612392,64,7,127,2,0.955
LightGBM,canopy_noaa,max_recall_precision_ge_0.65,0.7,0.65,0.65,False,0.6666666666666666,0.27184466019417475,0.38620689655172413,0.30837004405286345,14,75,0.9130434782608695,0.15671641791044777,0.267515923566879,0.18783542039355994,0.8155294953487338,0.6534373586612392,2,113,21,64,0.115
